key,value,size
name,"My name is Jassi
",1024
hello,"sdffsdfsfsf
",455
name,"My name is Jassi
",1024
hello,"sdffsdfsfsf
",455
name,"My name is Jassi
",1024
hello,"sdffsdfsfsf
",455
story,"sdfsfdsafsafsafsdfsfdsafsafsafsdfsfdsafsafsafsdfsfdsafsafsafsdfsfdsafsafsafsdfsfdsafsafsafsdfsfdsafsafsafsdfsfdsafsafsafsdfsfdsafsafsafsdfsfdsafsafsafsdfsfdsafsafsafsdfsfdsafsafsafsdfsfdsafsafsafsdfsfdsafsafsafsdfsfdsafsafsafsdfsfdsafsafsafsdfsfdsafsafsafsdfsfdsafsafsafsdfsfdsafsafsafsdfsfdsafsafsafsdfsfdsafsafsafsdfsfdsafsafsafsdfsfdsafsafsafsdfsfdsafsafsafsdfsfdsafsafsafsdfsfdsafsafsafsdfsfdsafsafsafsdfsfdsafsafsafsdfsfdsafsafsafsdfsfdsafsafsafsdfsfdsafsafsafsdfsfdsafsafsafsdfsfdsafsafsafsdfsfdsafsafsafsdfsfdsafsafsafsdfsfdsafsafsafsdfsfdsafsafsafsdfsfdsafsafsafsdfsfdsafsafsafsdfsfdsafsafsafsdfsfdsafsafsafsdfsfdsafsafsafsdfsfdsafsafsafsdfsfdsafsafsafsdfsfdsafsafsafsdfsfdsafsafsafsdfsfdsafsafsafsdfsfdsafsafsafsdfsfdsafsafsafsdfsfdsafsafsafsdfsfdsafsafsafsdfsfdsafsafsafsdfsfdsafsafsafsdfsfdsafsafsafsdfsfdsafsafsafsdfsfdsafsafsafsdfsfdsafsafsafsdfsfdsafsafsafsdfsfdsafsafsafsdfsfdsafsafsafsdfsfdsafsafsafsdfsfdsafsafsafsdfsfdsafsafsafsdfsfdsafsafsafsdfsfdsafsafsafsdfsfdsafsafsafsdfsfdsafsafsafsdfsfdsafsafsafsdfsfdsafsafsafsdfsfdsafsafsafsdfsfdsafsafsafsdfsfdsafsafsafsdfsfdsafsafsafsdfsfdsafsafsafsdfsfdsafsafsafsdfsfdsafsafsafsdfsfdsafsafsafsdfsfdsafsafsafsdfsfdsafsafsafsdfsfdsafsafsafsdfsfdsafsafsafsdfsfdsafsafsafsdfsfdsafsafsafsdfsfdsafsafsafsdfsfdsafsafsafsdfsfdsafsafsafsdfsfdsafsafsafsdfsfdsafsafsafsdfsfdsafsafsafsdfsfdsafsafsafsdfsfdsafsafsafsdfsfdsafsafsafsdfsfdsafsafsafsdfsfdsafsafsafsdfsfdsafsafsafsdfsfdsafsafsafsdfsfdsafsafsafsdfsfdsafsafsafsdfsfdsafsafsafsdfsfdsafsafsafsdfsfdsafsafsafsdfsfdsafsafsafsdfsfdsafsafsafsdfsfdsafsafsafsdfsfdsafsafsafsdfsfdsafsafsafsdfsfdsafsafsafsdfsfdsafsafsafsdfsfdsafsafsafsdfsfdsafsafsafsdfsfdsafsafsafsdfsfdsafsafsafsdfsfdsafsafsafsdfsfdsafsafsafsdfsfdsafsafsafsdfsfdsafsafsafsdfsfdsafsafsafsdfsfdsafsafsafsdfsfdsafsafsafsdfsfdsafsafsafsdfsfdsafsafsafsdfsfdsafsafsafsdfsfdsafsafsafsdfsfdsafsafsafsdfsfdsafsafsafsdfsfdsafsafsafsdfsfdsafsafsafsdfsfdsafsafsafsdfsfdsafsafsafsdfsfdsafsafsafsdfsfdsafsafsafsdfsfdsafsafsafsdfsfdsafsafsafsdfsfdsafsafsafsdfsfdsafsafsafsdfsfdsafsafsafsdfsfdsafsafsafsdfsfdsafsafsafsdfsfdsafsafsafsdfsfdsafsafsafsdfsfdsafsafsafsdfsfdsafsafsafsdfsfdsafsafsafsdfsfdsafsafsafsdfsfdsafsafsafsdfsfdsafsafsafsdfsfdsafsafsafsdfsfdsafsafsafsdfsfdsafsafsafsdfsfdsafsafsafsdfsfdsafsafsafsdfsfdsafsafsafsdfsfdsafsafsafsdfsfdsafsafsafsdfsfdsafsafsafsdfsfdsafsafsafsdfsfdsafsafsafsdfsfdsafsafsafsdfsfdsafsafsafsdfsfdsafsafsafsdfsfdsafsafsafsdfsfdsafsafsafsdfsfdsafsafsafsdfsfdsafsafsafsdfsfdsafsafsafsdfsfdsafsafsafsdfsfdsafsafsafsdfsfdsafsafsafsdfsfdsafsafsafsdfsfdsafsafsafsdfsfdsafsafsafsdfsfdsafsafsafsdfsfdsafsafsafsdfsfdsafsafsafsdfsfdsafsafsafsdfsfdsafsafsafsdfsfdsafsafsafsdfsfdsafsafsafsdfsfdsafsafsafsdfsfdsafsafsafsdfsfdsafsafsafsdfsfdsafsafsafsdfsfdsafsafsafsdfsfdsafsafsafsdfsfdsafsafsafsdfsfdsafsafsafsdfsfdsafsafsafsdfsfdsafsafsafsdfsfdsafsafsafsdfsfdsafsafsafsdfsfdsafsafsafsdfsfdsafsafsafsdfsfdsafsafsafsdfsfdsafsafsafsdfsfdsafsafsafsdfsfdsafsafsafsdfsfdsafsafsafsdfsfdsafsafsafsdfsfdsafsafsafsdfsfdsafsafsafsdfsfdsafsafsafsdfsfdsafsafsafsdfsfdsafsafsafsdfsfdsafsafsafsdfsfdsafsafsafsdfsfdsafsafsafsdfsfdsafsafsafsdfsfdsafsafsafsdfsfdsafsafsafsdfsfdsafsafsafsdfsfdsafsafsafsdfsfdsafsafsafsdfsfdsafsafsafsdfsfdsafsafsafsdfsfdsafsafsafsdfsfdsafsafsafsdfsfdsafsafsafsdfsfdsafsafsafsdfsfdsafsafsafsdfsfdsafsafsafsdfsfdsafsafsafsdfsfdsafsafsafsdfsfdsafsafsafsdfsfdsafsafsafsdfsfdsafsafsafsdfsfdsafsafsafsdfsfdsafsafsafsdfsfdsafsafsafsdfsfdsafsafsafsdfsfdsafsafsafsdfsfdsafsafsafsdfsfdsafsafsafsdfsfdsafsafsafsdfsfdsafsafsafsdfsfdsafsafsafsdfsfdsafsafsafsdfsfdsafsafsafsdfsfdsafsafsafsdfsfdsafsafsafsdfsfdsafsafsafsdfsfdsafsafsafsdfsfdsafsafsafsdfsfdsafsafsafsdfsfdsafsafsafsdfsfdsafsafsafsdfsfdsafsafsafsdfsfdsafsafsafsdfsfdsafsafsafsdfsfdsafsafsafsdfsfdsafsafsafsdfsfdsafsafsafsdfsfdsafsafsafsdfsfdsafsafsafsdfsfdsafsafsafsdfsfdsafsafsafsdfsfdsafsafsafsdfsfdsafsafsafsdfsfdsafsafsafsdfsfdsafsafsaf234234234234
",1024
